<?xml version="1.0" encoding="utf-8" standalone="yes"?>
<rss version="2.0" xmlns:atom="http://www.w3.org/2005/Atom">
  <channel>
    <title>Projekte on Vorstellung</title>
    <link>http://example.com/de/projects/</link>
    <description>Recent content in Projekte on Vorstellung</description>
    <generator>Hugo -- gohugo.io</generator>
    <language>de</language>
    
	<atom:link href="http://example.com/de/projects/index.xml" rel="self" type="application/rss+xml" />
    
    
    <item>
      <title>Fotografie</title>
      <link>http://example.com/de/projects/photography/</link>
      <pubDate>Mon, 01 Jan 0001 00:00:00 +0000</pubDate>
      
      <guid>http://example.com/de/projects/photography/</guid>
      <description>Machmal nehme ich Bilder auf Dieses Projekt ist über die Bilder, die ich aufnehme. Machmal sind das Bilder von Katzen.</description>
    </item>
    
    <item>
      <title>Design</title>
      <link>http://example.com/de/projects/design/</link>
      <pubDate>Mon, 01 Jan 0001 00:00:00 +0000</pubDate>
      
      <guid>http://example.com/de/projects/design/</guid>
      <description>Dieses Theme wurde von Victoria Drake entwickelt. Guck es dir an! 💪
Wenn du es für deine Webseite verwenden willst, guck dir den Abschnitt unten auf der Hauptseite an. 👍</description>
    </item>
    
    <item>
      <title>Schreiben</title>
      <link>http://example.com/de/projects/writing/</link>
      <pubDate>Mon, 01 Jan 0001 00:00:00 +0000</pubDate>
      
      <guid>http://example.com/de/projects/writing/</guid>
      <description>Aromatic aroma con panna, crema so coffee robust coffee barista, café au lait trifecta that strong blue mountain cortado aftertaste. Aroma extraction french press, skinny sweet, blue mountain cup roast barista, beans, extra cappuccino mug crema strong.
To go viennese cream to go, flavour, so mocha as, carajillo iced et a siphon froth. Aged, eu, cup, brewed aroma kopi-luwak, coffee, id viennese french press brewed grounds acerbic froth. Decaffeinated acerbic, spoon beans seasonal, french press café au lait mazagran roast chicory, pumpkin spice galão as fair trade, dark irish cup ristretto half and half whipped shop.</description>
    </item>
    
  </channel>
</rss>