<?xml version="1.0" encoding="utf-8" standalone="yes"?>
<rss version="2.0" xmlns:atom="http://www.w3.org/2005/Atom">
  <channel>
    <title>blog on Introduction</title>
    <link>http://example.com/tags/blog/</link>
    <description>Recent content in blog on Introduction</description>
    <generator>Hugo -- gohugo.io</generator>
    <language>en-us</language>
    <lastBuildDate>Sat, 30 May 2020 20:18:53 -0500</lastBuildDate>
    
	<atom:link href="http://example.com/tags/blog/index.xml" rel="self" type="application/rss+xml" />
    
    
    <item>
      <title>**Long** Form Post!</title>
      <link>http://example.com/blog/long-form-post/</link>
      <pubDate>Sat, 30 May 2020 20:18:53 -0500</pubDate>
      
      <guid>http://example.com/blog/long-form-post/</guid>
      <description>Lorem ipsum dolor sit amet, consectetur adipiscing elit, sed do eiusmod tempor incididunt ut labore et dolore magna aliqua. Cursus eget nunc scelerisque viverra. Quam vulputate dignissim suspendisse in est ante in nibh mauris. Pharetra magna ac placerat vestibulum lectus mauris. Eget lorem dolor sed viverra ipsum.
Elementum Nisi Quis eleifend quam adipiscing. Aliquet nec ullamcorper sit amet risus. Auctor neque vitae tempus quam pellentesque. Tincidunt lobortis feugiat vivamus at augue.</description>
    </item>
    
  </channel>
</rss>