<?xml version="1.0" encoding="utf-8" standalone="yes"?>
<rss version="2.0" xmlns:atom="http://www.w3.org/2005/Atom">
  <channel>
    <title>Introduction</title>
    <link>http://example.com/</link>
    <description>Recent content on Introduction</description>
    <generator>Hugo -- gohugo.io</generator>
    <language>en-us</language>
    <lastBuildDate>Sat, 25 Jul 2020 02:04:06 -0500</lastBuildDate>
    
	<atom:link href="http://example.com/index.xml" rel="self" type="application/rss+xml" />
    
    
    <item>
      <title>Photography</title>
      <link>http://example.com/projects/photography/</link>
      <pubDate>Mon, 01 Jan 0001 00:00:00 +0000</pubDate>
      
      <guid>http://example.com/projects/photography/</guid>
      <description>Sometimes I take pictures This project is about the pictures I take. Sometimes, they are pictures of cats.</description>
    </item>
    
    <item>
      <title>Design</title>
      <link>http://example.com/projects/design/</link>
      <pubDate>Mon, 01 Jan 0001 00:00:00 +0000</pubDate>
      
      <guid>http://example.com/projects/design/</guid>
      <description>This theme was designed by Victoria Drake. Go on, explore! 💪
If you want to use it for your website, check out the section at the bottom of the main page. 👍</description>
    </item>
    
    <item>
      <title>Writing</title>
      <link>http://example.com/projects/writing/</link>
      <pubDate>Mon, 01 Jan 0001 00:00:00 +0000</pubDate>
      
      <guid>http://example.com/projects/writing/</guid>
      <description>Aromatic aroma con panna, crema so coffee robust coffee barista, café au lait trifecta that strong blue mountain cortado aftertaste. Aroma extraction french press, skinny sweet, blue mountain cup roast barista, beans, extra cappuccino mug crema strong.
To go viennese cream to go, flavour, so mocha as, carajillo iced et a siphon froth. Aged, eu, cup, brewed aroma kopi-luwak, coffee, id viennese french press brewed grounds acerbic froth. Decaffeinated acerbic, spoon beans seasonal, french press café au lait mazagran roast chicory, pumpkin spice galão as fair trade, dark irish cup ristretto half and half whipped shop.</description>
    </item>
    
    <item>
      <title>Theme Features</title>
      <link>http://example.com/blog/configuration/</link>
      <pubDate>Sat, 25 Jul 2020 02:04:06 -0500</pubDate>
      
      <guid>http://example.com/blog/configuration/</guid>
      <description>Here are some helpful tips for setting up this theme.
Syntax Highlighting Introduction allows the use of Hugo&amp;rsquo;s rich built-in syntax highlighting capabilities. See Syntax Highlighting in the Hugo docs.
Below is an example configuration for Highlight. See Highlight in the Hugo docs for more.
[markup] [markup.highlight] codeFences = true guessSyntax = false hl_Lines = &amp;#34;&amp;#34; lineNoStart = 1 lineNos = false lineNumbersInTable = true noClasses = true # For styles, see https://xyproto.</description>
    </item>
    
    <item>
      <title>**Long** Form Post!</title>
      <link>http://example.com/blog/long-form-post/</link>
      <pubDate>Sat, 30 May 2020 20:18:53 -0500</pubDate>
      
      <guid>http://example.com/blog/long-form-post/</guid>
      <description>Lorem ipsum dolor sit amet, consectetur adipiscing elit, sed do eiusmod tempor incididunt ut labore et dolore magna aliqua. Cursus eget nunc scelerisque viverra. Quam vulputate dignissim suspendisse in est ante in nibh mauris. Pharetra magna ac placerat vestibulum lectus mauris. Eget lorem dolor sed viverra ipsum.
Elementum Nisi Quis eleifend quam adipiscing. Aliquet nec ullamcorper sit amet risus. Auctor neque vitae tempus quam pellentesque. Tincidunt lobortis feugiat vivamus at augue.</description>
    </item>
    
    <item>
      <title>Hipster Ipsum</title>
      <link>http://example.com/blog/hipster-ipsum/</link>
      <pubDate>Mon, 13 Nov 2017 11:58:39 -0500</pubDate>
      
      <guid>http://example.com/blog/hipster-ipsum/</guid>
      <description>Occupy mlkshk kale chips woke, listicle locavore next level fingerstache glossier aesthetic man braid before they sold out kitsch prism. Cred copper mug freegan, flannel YOLO single-origin coffee skateboard artisan four loko church-key man bun. Synth literally gastropub, kombucha chillwave helvetica offal truffaut church-key freegan pop-up gentrify narwhal. Kombucha viral vexillologist green juice. Slow-carb hoodie mumblecore tumeric tattooed meditation, lo-fi fap cred affogato forage whatever austin. Shabby chic direct trade migas, brunch gochujang sriracha chambray fanny pack 8-bit mustache letterpress.</description>
    </item>
    
    <item>
      <title>Startup Ipsum</title>
      <link>http://example.com/blog/startup-ipsum/</link>
      <pubDate>Mon, 06 Nov 2017 12:04:06 -0500</pubDate>
      
      <guid>http://example.com/blog/startup-ipsum/</guid>
      <description>SpaceTeam affordances quantitative vs. qualitative SpaceTeam physical computing earned media thinker-maker-doer pair programming. Bootstrapping pitch deck physical computing driven cortado human-centered design innovate human-centered design driven. Grok pitch deck fund pitch deck sticky note affordances minimum viable product integrate paradigm viral iterate. Driven fund thought leader personas workflow SpaceTeam viral pair programming physical computing intuitive 360 campaign latte bootstrapping minimum viable product. Bootstrapping physical computing responsive pitch deck SpaceTeam parallax long shadow pitch deck bootstrapping ideate.</description>
    </item>
    
    <item>
      <title>Coffee Ipsum</title>
      <link>http://example.com/blog/coffee-ipsum/</link>
      <pubDate>Wed, 01 Nov 2017 12:04:16 -0500</pubDate>
      
      <guid>http://example.com/blog/coffee-ipsum/</guid>
      <description>Aromatic aroma con panna, crema so coffee robust coffee barista, café au lait trifecta that strong blue mountain cortado aftertaste. Aroma extraction french press, skinny sweet, blue mountain cup roast barista, beans, extra cappuccino mug crema strong. Americano caffeine white, con panna saucer sit, con panna eu, carajillo aftertaste kopi-luwak, body aftertaste cup single origin café au lait saucer. Macchiato java sweet arabica, turkish cup, eu flavour mug extraction white cortado saucer est white brewed instant, rich, barista breve cappuccino barista organic.</description>
    </item>
    
    <item>
      <title>Undated post</title>
      <link>http://example.com/blog/no-date/</link>
      <pubDate>Mon, 01 Jan 0001 00:00:00 +0000</pubDate>
      
      <guid>http://example.com/blog/no-date/</guid>
      <description>I was born yesterday, tomorrow.</description>
    </item>
    
  </channel>
</rss>