<?xml version="1.0" encoding="utf-8" standalone="yes"?>
<rss version="2.0" xmlns:atom="http://www.w3.org/2005/Atom">
  <channel>
    <title>Tags on Vorstellung</title>
    <link>http://example.com/de/tags/</link>
    <description>Recent content in Tags on Vorstellung</description>
    <generator>Hugo -- gohugo.io</generator>
    <language>de</language>
    <lastBuildDate>Mon, 13 Nov 2017 11:58:39 -0500</lastBuildDate>
    
	<atom:link href="http://example.com/de/tags/index.xml" rel="self" type="application/rss+xml" />
    
    
    <item>
      <title>ipsum</title>
      <link>http://example.com/de/tags/ipsum/</link>
      <pubDate>Mon, 13 Nov 2017 11:58:39 -0500</pubDate>
      
      <guid>http://example.com/de/tags/ipsum/</guid>
      <description></description>
    </item>
    
    <item>
      <title>words</title>
      <link>http://example.com/de/tags/words/</link>
      <pubDate>Mon, 13 Nov 2017 11:58:39 -0500</pubDate>
      
      <guid>http://example.com/de/tags/words/</guid>
      <description></description>
    </item>
    
    <item>
      <title>code</title>
      <link>http://example.com/de/tags/code/</link>
      <pubDate>Mon, 06 Nov 2017 12:04:06 -0500</pubDate>
      
      <guid>http://example.com/de/tags/code/</guid>
      <description></description>
    </item>
    
    <item>
      <title>coffee</title>
      <link>http://example.com/de/tags/coffee/</link>
      <pubDate>Wed, 01 Nov 2017 12:04:16 -0500</pubDate>
      
      <guid>http://example.com/de/tags/coffee/</guid>
      <description></description>
    </item>
    
    <item>
      <title>images</title>
      <link>http://example.com/de/tags/images/</link>
      <pubDate>Wed, 01 Nov 2017 12:04:16 -0500</pubDate>
      
      <guid>http://example.com/de/tags/images/</guid>
      <description></description>
    </item>
    
  </channel>
</rss>