<?xml version="1.0" encoding="utf-8" standalone="yes"?>
<rss version="2.0" xmlns:atom="http://www.w3.org/2005/Atom">
  <channel>
    <title>code on Introduction</title>
    <link>http://example.com/tags/code/</link>
    <description>Recent content in code on Introduction</description>
    <generator>Hugo -- gohugo.io</generator>
    <language>en-us</language>
    <lastBuildDate>Sat, 25 Jul 2020 02:04:06 -0500</lastBuildDate>
    
	<atom:link href="http://example.com/tags/code/index.xml" rel="self" type="application/rss+xml" />
    
    
    <item>
      <title>Theme Features</title>
      <link>http://example.com/blog/configuration/</link>
      <pubDate>Sat, 25 Jul 2020 02:04:06 -0500</pubDate>
      
      <guid>http://example.com/blog/configuration/</guid>
      <description>Here are some helpful tips for setting up this theme.
Syntax Highlighting Introduction allows the use of Hugo&amp;rsquo;s rich built-in syntax highlighting capabilities. See Syntax Highlighting in the Hugo docs.
Below is an example configuration for Highlight. See Highlight in the Hugo docs for more.
[markup] [markup.highlight] codeFences = true guessSyntax = false hl_Lines = &amp;#34;&amp;#34; lineNoStart = 1 lineNos = false lineNumbersInTable = true noClasses = true # For styles, see https://xyproto.</description>
    </item>
    
    <item>
      <title>**Long** Form Post!</title>
      <link>http://example.com/blog/long-form-post/</link>
      <pubDate>Sat, 30 May 2020 20:18:53 -0500</pubDate>
      
      <guid>http://example.com/blog/long-form-post/</guid>
      <description>Lorem ipsum dolor sit amet, consectetur adipiscing elit, sed do eiusmod tempor incididunt ut labore et dolore magna aliqua. Cursus eget nunc scelerisque viverra. Quam vulputate dignissim suspendisse in est ante in nibh mauris. Pharetra magna ac placerat vestibulum lectus mauris. Eget lorem dolor sed viverra ipsum.
Elementum Nisi Quis eleifend quam adipiscing. Aliquet nec ullamcorper sit amet risus. Auctor neque vitae tempus quam pellentesque. Tincidunt lobortis feugiat vivamus at augue.</description>
    </item>
    
    <item>
      <title>Startup Ipsum</title>
      <link>http://example.com/blog/startup-ipsum/</link>
      <pubDate>Mon, 06 Nov 2017 12:04:06 -0500</pubDate>
      
      <guid>http://example.com/blog/startup-ipsum/</guid>
      <description>SpaceTeam affordances quantitative vs. qualitative SpaceTeam physical computing earned media thinker-maker-doer pair programming. Bootstrapping pitch deck physical computing driven cortado human-centered design innovate human-centered design driven. Grok pitch deck fund pitch deck sticky note affordances minimum viable product integrate paradigm viral iterate. Driven fund thought leader personas workflow SpaceTeam viral pair programming physical computing intuitive 360 campaign latte bootstrapping minimum viable product. Bootstrapping physical computing responsive pitch deck SpaceTeam parallax long shadow pitch deck bootstrapping ideate.</description>
    </item>
    
  </channel>
</rss>